gundata/AK-12/3 (20).wav,566,4616,9879,15219,20405,25513
gundata/AK-12/3 (41).wav,798,7093,13491,20069,26106
gundata/AK-12/3 (73).wav,2282,6796,12369,11724
gundata/AK-12/3 (55).wav,669,7041,13233,18753,24945
gundata/AK-12/3 (88).wav,811,5429,11079
gundata/AK-12/3 (25).wav,875,7196,8047,1391,5983
gundata/AK-12/3 (4).wav,411,4384,7505,10988,14626,18495,22159,26287
gundata/AK-12/3 (5).wav,12175,16328,19837,23733,27138
gundata/AK-12/3 (59).wav,1572,9027,14806,21256,27473
gundata/AK-12/3 (74).wav,3082,8125,7828,2333
gundata/AK-12/3 (87).wav,63,4320,10318,11311
gundata/AK-12/3 (44).wav,5364,4900,6112,13181,14213,21540,22546
gundata/AK-12/3 (19).wav,3558,7170,11994,16303,21101,25487
gundata/AK-12/3 (93).wav,3404,9273,9995
gundata/AK-12/3 (68).wav,462,772
gundata/AK-12/3 (46).wav,75,540,10575,11272
gundata/AK-12/3 (22).wav,101,4281,9466,10111,15890,17283,21978,22959
gundata/AK-12/3 (76).wav,321,5610,6332,11414,11982,11737
gundata/AK-12/3 (78).wav,592,205,6332,7132,12923,12562
gundata/AK-12/3 (1).wav,11556,15348,18212,21720,26570
gundata/AK-12/3 (66).wav,2088,2887,8744,9389,16070,16535,22159,22701,27473
gundata/AK-12/3 (90).wav,244,5249,10989
gundata/AK-12/3 (24).wav,901,6912,13362,19811,26029,7867,1752,13955
gundata/AK-12/3 (72).wav,667202,676298,681816,687126,692782,704851,710300,716438,722231,731404,740025,749543,755129,761199,768026,776441,906861,911343,915068,918240,923206,947345,977898,985140,992175,999830,1007210,1021969,1033970,1195770,1203978,1229634,1233979,1243221,1255084,1304948,1310810,1318604,1338812,1343295,1351916,1372192,1541718,1564477,1568822,1596410,1602755,1609307,1617307,1626825,1651171,1657447,1662275,1670344,1678965,1701518,1709863,1867455,1871808,1875885,1879823,1884591,1891294,1919969,1923769,1929711,1940698,2036412,2049033,2087169,2249224,2256449,2266966,2272270,2282696,2330526,2336836,2342963,2348816,2354669,2360705,2367107,2373143,2380185,2387409,2407986,2415485,2422802,2435879,2471455,2484350,2500262,2742339,2755874,2762824,2769317,2785139,2820897,2828579
gundata/AK-12/3 (29).wav,5648,12717,19914,25771
gundata/AK-12/3 (92).wav,1650,7441,12175
gundata/AK-12/3 (71).wav,2192,1560,7145,7854,12253
gundata/AK-12/3 (52).wav,204,4564,13645,23062,27706
gundata/AK-12/3 (64).wav,2887,9311,15477,21694,26983
gundata/AK-12/3 (30).wav,488,7892,15116,22494,28944,27809
gundata/AK-12/3 (89).wav,667458,672736,678262,684777,690385,695334,702179,708117,713065,719333,725518,736075,741930,748940,754136,760899,766424,772115,780032,785970,907286,911575,918750,923286,930378,937471,943986,951491,958666,966171,972439,979037,986459,993799,1000479,1007159,1013262,1022417,1030169,1037921,1043200,1051199,1055570,1195525,1200143,1207896,1215566,1224143,1230163,1243689,1255482,1264884,1269832,1274698,1284100,1289131,1297460,1302408,1311645,1320552,1329212,1338861,1347768,1356345,1366242,1377870,1554030,1559143,1564751,1581411,1626770,1630976,1606235,1599554,1591637,1638893,1646893,1655140,1658687,1667346,1678397,1687469,1696706,1704953,1710314,1890762,1904453,1920205,1934390,1949235,1959214,1966224,1972244,1977770,1982801,1993687
gundata/AK-12/3 (38).wav,3661,10937,18495,24713
gundata/AK-12/3 (98).wav,3610,3056
gundata/AK-12/3 (70).wav,1676,6938,11956,12098,11943,11724
gundata/AK-12/3 (49).wav,4074,12149,21333,27293
gundata/AK-12/3 (94).wav,334,7106,12485,6526
gundata/AK-12/3 (50).wav,901,8331,15322,22107,27577
gundata/AK-12/3 (43).wav,514,9389,15812,22675
gundata/AK-12/3 (16).wav,24,4384,7247,10756,14703,19011,22365,26854
gundata/AK-12/3 (12).wav,6009,10756,17567,23036,27577
gundata/AK-12/3 (2).wav,101,4255,8641,12794,16122,19063,22959,26364
gundata/AK-12/3 (80).wav,424,6629
gundata/AK-12/3 (10).wav,179,3765,7841,11788,15735,20585,22159,26674
gundata/AK-12/3 (77).wav,3765,9763
gundata/AK-12/3 (58).wav,230,6138,13078,19347,25642
gundata/AK-12/3 (96).wav,2514,8435
gundata/AK-12/3 (39).wav,3558,10421,16793,23088
gundata/AK-12/3 (63).wav,153,4926,10214,17154,23397
gundata/AK-12/3 (62).wav,127,5184,5828,12381,15735,20327,25332,26158
gundata/AK-12/3 (11).wav,1959,2681
gundata/AK-12/3 (95).wav,50,5739,6139
gundata/AK-12/3 (57).wav,666965,673481,679089,684878,690558,695768,704487,721890,725725,731369,736036,743272,749133,753945,759300,762954,766101,771601,776847,782889,907600,911254,913895,917911,923230,926667,929453,933071,936653,940596,944359,954742,958324,962087,965452,968780,972543,977391,1007420,1011183,1014584,1017550,1021241,1024569,995951,1043021,1046820,1051451,1055141,1195374,1200330,1203984,1207024,1211076,1214983,1219216,1223702,1234231,1238464,1243095,1247798,1260461,1264803,1269506,1279238,1284014,1289079,1297690,1311438,1315997,1320556,1325295,1329637,1334087,1347907,1352285,1356663,1361185,1366287,1372256,1378407,1541975,1547149,1553698,1559052,1564479,1569327,1581592,1588864,1596173,1603191,1609559,1617048,1621281,1626817,1639878,1644075,1651311,1659957,1671354,1675370,1683293,1687454,1697295,1701492,1705291,1709849,1885053,1891081,1900341,1909202,1920387,1924563,1929756,1940614,1960877,1966361,1972098,1977545,1950382,2006742,2013206,2019743,2025952,2036847,2043492,2049738,2055694,2061795,2068004,2074032,2080823,2087505,2249104,2256548,2261523,2267116,2272817,2282331,2289122,2294424,2301469,2307061,2313888,2319299,2324746,2330702,2336657,2342758,2348895,2354887
gundata/AK-12/3 (37).wav,6835,21127,27731
gundata/AK-12/3 (34).wav,746,6938,14058,21385,27835
gundata/AK-12/3 (45).wav,6706,15503,24558
gundata/AK-12/3 (27).wav,3068,9879,15193,20998,26209
gundata/AK-12/3 (18).wav,11633,16277,20921,24893
gundata/AK-12/3 (82).wav,1198
gundata/AK-12/3 (48).wav,75,5725,11556,17386,23139
gundata/AK-12/3 (6).wav,179,4435,7918,13155,17773,22210,26906
gundata/AK-12/3 (60).wav,1365,9105,18057,25951
gundata/AK-12/3 (13).wav,1288,13645,17386,20534,24120
gundata/AK-12/3 (3).wav,75,2139,5106,9543,13310,17825,21591,25280
gundata/AK-12/3 (23).wav,3739,9801,21101,26828
gundata/AK-12/3 (97).wav,63,6126,11569
gundata/AK-12/3 (42).wav,437,7273,18263,25384
gundata/AK-12/3 (32).wav,514,7583,14213,20688,27344
gundata/AK-12/3 (40).wav,14084,20301,25977
gundata/AK-12/3 (67).wav,2810,18212,25332
gundata/AK-12/3 (8).wav,3997,9131,13516,17670,22159,26777
gundata/AK-12/3 (79).wav,3830,9634
gundata/AK-12/3 (36).wav,24,7402,15400,23655
gundata/AK-12/3 (17).wav,1211,5622,9389,14187,17438
gundata/AK-12/3 (26).wav,849,10988,17335,22417
gundata/AK-12/3 (69).wav,6719,12046,11788
gundata/AK-12/3 (33).wav,4616,13620,21101
gundata/AK-12/3 (7).wav,230,7428,12381,16948,21333,26080
gundata/AK-12/3 (75).wav,4242,9402
gundata/AK-12/3 (91).wav,373,5494,11143
gundata/AK-12/3 (65).wav,1778,7583,15477,22314
gundata/AK-12/3 (81).wav,2643,10111
gundata/AK-12/3 (31).wav,4384,11453,26132
gundata/AK-12/3 (9).wav,4074,8641,13310,17902,22210,26570
gundata/AK-12/3 (21).wav,3532,9027,14161,19656,25203
gundata/AK-12/3 (15).wav,3919,7531,11427,14832,19192,22933,27215
gundata/AK-12/3 (14).wav,24,3042,6267,9337,12897,16251,20508,27009
gundata/AK-12/3 (86).wav,63,4810,11517
gundata/AK-12/3 (83).wav,2192,7364
gundata/AK-12/3 (56).wav,19269,24790
gundata/AK-12/3 (84).wav,4513,10563
gundata/AK-12/3 (61).wav,1288,9414,16406,24765
gundata/AK-12/3 (85).wav,631,7712
gundata/AK-12/3 (51).wav,3997,11375,18341,25177
gundata/AK-12/3 (47).wav,20792,26777
gundata/AK-12/3 (54).wav,2397,9337,16767,25048
gundata/AK-12/3 (53).wav,12097,20147,27602
gundata/AK-12/3 (35).wav,3790,10808,17360,24584
gundata/AK-12/3 (28).wav,1107,7067,13052,18521,24945
gundata/AK-47/1 (9).wav,6422,9569,12975,16225,19656,23655,27551
gundata/AK-47/1 (57).wav,13671,19321
gundata/AK-47/1 (42).wav,4023,8202,13310,18624,23965
gundata/AK-47/1 (7).wav,179,4074,7170
gundata/AK-47/1 (15).wav,20327,21282
gundata/AK-47/1 (69).wav,26441
gundata/AK-47/1 (27).wav,462,1959,5932,8744,11556,14316,17257,20069,22752
gundata/AK-47/1 (33).wav,540,3661,6628,9466,12510,16767,20792,25100
gundata/AK-47/1 (14).wav,50
gundata/AK-47/1 (49).wav,11969,14471,18444,22030,26441
gundata/AK-47/1 (32).wav,24,3739,7660,10808,13981,16715,20043,22907,26132
gundata/AK-47/1 (72).wav,50,19863,26725
gundata/AK-47/1 (70).wav,7660
gundata/AK-47/1 (66).wav,4461
gundata/AK-47/1 (55).wav,20069,23371,27061
gundata/AK-47/1 (30).wav,333,3455,7841,11014,15296,19295,22623,27061
gundata/AK-47/1 (28).wav,5854,9466,12407,15554,19424,22546,25951
gundata/AK-47/1 (45).wav,3016,17438
gundata/AK-47/1 (34).wav,772,5674,10472,14058,17077,22133,27086
gundata/AK-47/1 (54).wav,849,4126,7557,14032,12201,20018,25177
gundata/AK-47/1 (13).wav,7763,12588,17747,21230,26416
gundata/AK-47/1 (65).wav,7841,19192
gundata/AK-47/1 (36).wav,2423,7015,11994,16638,21437,26364
gundata/AK-47/1 (71).wav,12407,22752
gundata/AK-47/1 (68).wav,746,18083
gundata/AK-47/1 (63).wav,2552,19244
gundata/AK-47/1 (60).wav,11504,20559
gundata/AK-47/1 (35).wav,1856,9956,14677,19373,24378
gundata/AK-47/1 (61).wav,9105
gundata/AK-47/1 (26).wav,2088,7712,11814,15580,19863,23965,28299
gundata/AK-47/1 (59).wav,7351
gundata/AK-47/1 (38).wav,2320,12742
gundata/AK-47/1 (4).wav,21591,26505,31614,36722,41559
gundata/AK-47/1 (39).wav,1649,6654,10550,15013,19476,23965,28041,26699
gundata/AK-47/1 (6).wav,1443,4668,8125,11659,16561,19811,24945
gundata/AK-47/1 (53).wav,385,3687,7531,11349,15477,19373,22984,27086
gundata/AK-47/1 (40).wav,1701,7944,13155,16664,20921,25306,27835
gundata/AK-47/1 (17).wav,2243,17257
gundata/AK-47/1 (52).wav,2294,9776,15503,22881
gundata/AK-47/1 (41).wav,2372,7789,13000,20198,27035
gundata/AK-47/1 (50).wav,566,4848,9079,15761,21127,28196,26364
gundata/AK-47/1 (12).wav,230,6912
gundata/AK-47/1 (31).wav,1004,5571,10395,14574,20430,25564
gundata/AK-47/1 (67).wav,4152,13955
gundata/AK-47/1 (44).wav,2939,14600,22520
gundata/AK-47/1 (47).wav,1804,5442,10472,15761,20456,25771
gundata/AK-47/1 (19).wav,643,5364,9647,14161,18753,23113,27654
gundata/AK-47/1 (51).wav,953,5699,10756,15348,20327,24997
gundata/AK-47/1 (3).wav,12355,16870
gundata/AK-47/1 (46).wav,4616,15477,22056
gundata/AK-47/1 (21).wav,24,4306,8434,12639,17077,21901,26957
gundata/AK-47/1 (24).wav,359,3326,8898,15658,23062,27241
gundata/AK-47/1 (23).wav,1546,5055,9002,12046,17128,22339,27086
gundata/AK-47/1 (5).wav,824,5622,10369,13929,17180,22907,25745
gundata/AK-47/1 (48).wav,540,3481,8950,13439,17489,22159,26106
gundata/AK-47/1 (64).wav,7557,21617
gundata/AK-47/1 (1).wav,1197,4331,36180,41327
gundata/AK-47/1 (37).wav,5364,13413,23397
gundata/AK-47/1 (20).wav,1856,6448,9905,12975,17902,23268,27061
gundata/AK-47/1 (62).wav,24403
gundata/AK-47/1 (58).wav,6035,5442
gundata/AK-47/1 (11).wav,1701,6138,11040,17567,24713
gundata/AK-47/1 (29).wav,746,5209,9543,12588,17722,21566,25280
gundata/AK-47/1 (10).wav,2036,5442,8795,10833,14548,18547,21772,24739
gundata/AK-47/1 (56).wav,17722
gundata/AK-47/1 (16).wav,2784,16354,22236
gundata/AK-47/1 (25).wav,1649,7402,14703,19269,24765
gundata/AK-47/1 (8).wav,16483
gundata/AK-47/1 (18).wav,3687,7996,13336,21540,26080
gundata/AK-47/1 (2).wav,20274,24196
gundata/AK-47/1 (22).wav,1340,6009,11066,15890,23810
gundata/AK-47/1 (43).wav,1236,11375,21179,26519
gundata/IMI Desert Eagle/2 (43).wav,50,6499,25229
gundata/IMI Desert Eagle/2 (44).wav,4435,21694,22236,4900
gundata/IMI Desert Eagle/2 (13).wav,12691,22933
gundata/IMI Desert Eagle/2 (90).wav,1056,23475
gundata/IMI Desert Eagle/2 (10).wav,11401,25203,24765,12588
gundata/IMI Desert Eagle/2 (14).wav,14290,14781
gundata/IMI Desert Eagle/2 (40).wav,9853,10937,16819,16561
gundata/IMI Desert Eagle/2 (51).wav,2010,26467
gundata/IMI Desert Eagle/2 (79).wav,2191,6499,12923,24481
gundata/IMI Desert Eagle/2 (21).wav,1365,24455
gundata/IMI Desert Eagle/2 (16).wav,10756
gundata/IMI Desert Eagle/2 (73).wav,3300,19734
gundata/IMI Desert Eagle/2 (54).wav,50,12407,20895,27628
gundata/IMI Desert Eagle/2 (67).wav,75,14419
gundata/IMI Desert Eagle/2 (55).wav,3016
gundata/IMI Desert Eagle/2 (26).wav,75,21798,27551
gundata/IMI Desert Eagle/2 (82).wav,3868,8847,12691,16561,26570
gundata/IMI Desert Eagle/2 (69).wav,14161,24661,23526,13697,14858
gundata/IMI Desert Eagle/2 (100).wav,6860,21204
gundata/IMI Desert Eagle/2 (59).wav,11091,23036
gundata/IMI Desert Eagle/2 (64).wav,127,26570
gundata/IMI Desert Eagle/2 (25).wav,488,1030
gundata/IMI Desert Eagle/2 (81).wav,772,5571,11143,27835
gundata/IMI Desert Eagle/2 (15).wav,50
gundata/IMI Desert Eagle/2 (33).wav,18212,26545
gundata/IMI Desert Eagle/2 (20).wav,2784,14961
gundata/IMI Desert Eagle/2 (49).wav,13310,18289,22984
gundata/IMI Desert Eagle/2 (68).wav,5571
gundata/IMI Desert Eagle/2 (41).wav,6035,16045,16509,5803
gundata/IMI Desert Eagle/2 (4).wav,15322,16354
gundata/IMI Desert Eagle/2 (30).wav,13181,24120
gundata/IMI Desert Eagle/2 (19).wav,2294
gundata/IMI Desert Eagle/2 (38).wav,24,13594,20611
gundata/IMI Desert Eagle/2 (56).wav,7686
gundata/IMI Desert Eagle/2 (85).wav,2810,12175,16122,20043,23526
gundata/IMI Desert Eagle/2 (42).wav,50,14832
gundata/IMI Desert Eagle/2 (71).wav,101,22391
gundata/IMI Desert Eagle/2 (62).wav,2320,10343,23062,27938,27654
gundata/IMI Desert Eagle/2 (45).wav,8666,19863
gundata/IMI Desert Eagle/2 (24).wav,12665
gundata/IMI Desert Eagle/2 (1).wav,75,8434
gundata/IMI Desert Eagle/2 (34).wav,101,10421,26467
gundata/IMI Desert Eagle/2 (58).wav,101,22959
gundata/IMI Desert Eagle/2 (23).wav,6886
gundata/IMI Desert Eagle/2 (94).wav,127,13129,20895
gundata/IMI Desert Eagle/2 (2).wav,1572,25951
gundata/IMI Desert Eagle/2 (48).wav,127,7067,21617,26570
gundata/IMI Desert Eagle/2 (28).wav,127,13645
gundata/IMI Desert Eagle/2 (84).wav,8305,15554,23913
gundata/IMI Desert Eagle/2 (8).wav,75,7892
gundata/IMI Desert Eagle/2 (22).wav,5983,18186,27551
gundata/IMI Desert Eagle/2 (18).wav,14832,24094
gundata/IMI Desert Eagle/2 (6).wav,282,12330,27215
gundata/IMI Desert Eagle/2 (86).wav,6886,20637,101
gundata/IMI Desert Eagle/2 (66).wav,8976,25280
gundata/IMI Desert Eagle/2 (60).wav,16045,23113
gundata/IMI Desert Eagle/2 (74).wav,3274
gundata/IMI Desert Eagle/2 (53).wav,9105,18908
gundata/IMI Desert Eagle/2 (77).wav,20198
gundata/IMI Desert Eagle/2 (52).wav,7480,27525
gundata/IMI Desert Eagle/2 (61).wav,4616,17593,28170,28583,28196,27680
gundata/IMI Desert Eagle/2 (35).wav,3403,12304
gundata/IMI Desert Eagle/2 (75).wav,19269
gundata/IMI Desert Eagle/2 (97).wav,12046
gundata/IMI Desert Eagle/2 (46).wav,15013,26441
gundata/IMI Desert Eagle/2 (87).wav,514,10034
gundata/IMI Desert Eagle/2 (91).wav,5906
gundata/IMI Desert Eagle/2 (32).wav,2062
gundata/IMI Desert Eagle/2 (17).wav,230,8641,26312
gundata/IMI Desert Eagle/2 (80).wav,11040
gundata/IMI Desert Eagle/2 (96).wav,8176
gundata/IMI Desert Eagle/2 (72).wav,1546
gundata/IMI Desert Eagle/2 (11).wav,9002,27422
gundata/IMI Desert Eagle/2 (93).wav,1159
gundata/IMI Desert Eagle/2 (65).wav,10137,15967
gundata/IMI Desert Eagle/2 (3).wav,5674,25848
gundata/IMI Desert Eagle/2 (88).wav,3816,24223
gundata/IMI Desert Eagle/2 (29).wav,9672
gundata/IMI Desert Eagle/2 (12).wav,13026,23191
gundata/IMI Desert Eagle/2 (27).wav,75,10111
gundata/IMI Desert Eagle/2 (37).wav,50,16715
gundata/IMI Desert Eagle/2 (31).wav,50,6731,26209
gundata/IMI Desert Eagle/2 (83).wav,2036,7041
gundata/IMI Desert Eagle/2 (95).wav,901,17902
gundata/IMI Desert Eagle/2 (5).wav,6370
gundata/IMI Desert Eagle/2 (92).wav,5132,22030,27138
gundata/IMI Desert Eagle/2 (99).wav,5699
gundata/IMI Desert Eagle/2 (70).wav,17025,22004,28454,28247,28041,27783
gundata/IMI Desert Eagle/2 (50).wav,5803,22546,27706
gundata/IMI Desert Eagle/2 (7).wav,720
gundata/IMI Desert Eagle/2 (47).wav,15039,21617
gundata/IMI Desert Eagle/2 (78).wav,978,8795,18238
gundata/IMI Desert Eagle/2 (89).wav,6835,16690
gundata/IMI Desert Eagle/2 (98).wav,9440,27370
gundata/IMI Desert Eagle/2 (57).wav,13542,24352
gundata/IMI Desert Eagle/2 (39).wav,2320,14548
gundata/IMI Desert Eagle/2 (9).wav,50,19398
gundata/IMI Desert Eagle/2 (76).wav,4590
gundata/IMI Desert Eagle/2 (63).wav,2346,9621,18367,25590
gundata/M16/5 (91).wav,1546,16561,21952
gundata/M16/5 (81).wav,4074,25074
gundata/M16/5 (60).wav,12975,22030,25306
gundata/M16/5 (54).wav,179,1598,22855,25822
gundata/M16/5 (24).wav,4513,11969,26751
gundata/M16/5 (21).wav,1004,21591
gundata/M16/5 (47).wav,6164,12459,16948,23371
gundata/M16/5 (55).wav,24,11659
gundata/M16/5 (66).wav,6731,14729,27086
gundata/M16/5 (74).wav,50,7454,18779
gundata/M16/5 (33).wav,282,2681
gundata/M16/5 (77).wav,5777,15735
gundata/M16/5 (31).wav,256,2165,16767,22649
gundata/M16/5 (17).wav,3481
gundata/M16/5 (62).wav,6757,13929,26003
gundata/M16/5 (71).wav,8847,20714,27809
gundata/M16/5 (65).wav,4642,8305,24713,27035
gundata/M16/5 (26).wav,204,2475,16045,20301,24223,25848
gundata/M16/5 (7).wav,10266,20301,22159
gundata/M16/5 (40).wav,14187,21514
gundata/M16/5 (89).wav,11349
gundata/M16/5 (9).wav,2372,8279,19166
gundata/M16/5 (22).wav,153,12020,23810
gundata/M16/5 (32).wav,9543,12717
gundata/M16/5 (20).wav,12072,17593
gundata/M16/5 (25).wav,50,2758,4513,14935,20972
gundata/M16/5 (8).wav,153,3997,21566
gundata/M16/5 (69).wav,2733,11091,24558
gundata/M16/5 (27).wav,411,3713,16793,23346
gundata/M16/5 (16).wav,1959,17283
gundata/M16/5 (37).wav,1030,6422
gundata/M16/5 (82).wav,13542,18005,22339
gundata/M16/5 (48).wav,179,20766,25977
gundata/M16/5 (1).wav,24,20172,22855
gundata/M16/5 (90).wav,230,4100,11453,19889
gundata/M16/5 (15).wav,75,9285,22159,25177
gundata/M16/5 (93).wav,1107,7480,9905,14677,18418,23397,25590
gundata/M16/5 (80).wav,695,4306
gundata/M16/5 (56).wav,437,4306,16561
gundata/M16/5 (45).wav,127,23346
gundata/M16/5 (67).wav,13026,19502
gundata/M16/5 (2).wav,3997,13026
gundata/M16/5 (49).wav,4642,9053,26751
gundata/M16/5 (50).wav,3816,8821
gundata/M16/5 (23).wav,11014
gundata/M16/5 (36).wav,10782
gundata/M16/5 (72).wav,179,2629
gundata/M16/5 (41).wav,6344,13723,24197
gundata/M16/5 (86).wav,8099
gundata/M16/5 (85).wav,6061
gundata/M16/5 (97).wav,1881,7815,16819,28196,27989,27912,27809
gundata/M16/5 (58).wav,4616,18083,22030
gundata/M16/5 (98).wav,282,5132,10833,22210
gundata/M16/5 (18).wav,6344,18005,21204
gundata/M16/5 (5).wav,75,21823,25642
gundata/M16/5 (11).wav,8512,16922,27706
gundata/M16/5 (92).wav,153,5674,10808,17206,21101,25616
gundata/M16/5 (52).wav,462,25487
gundata/M16/5 (73).wav,9724,12717,26519
gundata/M16/5 (38).wav,1314,17593,24661
gundata/M16/5 (61).wav,230,18650,25306
gundata/M16/5 (14).wav,256,19011,26828
gundata/M16/5 (95).wav,101,16225,25048
gundata/M16/5 (87).wav,6809,25874
gundata/M16/5 (78).wav,14652,22236,24765
gundata/M16/5 (63).wav,7583,25177
gundata/M16/5 (57).wav,1236,12510,20379
gundata/M16/5 (4).wav,153
gundata/M16/5 (44).wav,11169,15890,26957
gundata/M16/5 (10).wav,2887,21823,25745
gundata/M16/5 (29).wav,179,3429,13284
gundata/M16/5 (12).wav,127,13568,17644,20843,25255
gundata/M16/5 (84).wav,6757,23939
gundata/M16/5 (76).wav,514,5699,8537,13336,18341
gundata/M16/5 (83).wav,2681,7634,15322
gundata/M16/5 (53).wav,179,5880
gundata/M16/5 (46).wav,2629,6396
gundata/M16/5 (42).wav,6731,13852,23371
gundata/M16/5 (35).wav,50,16483,27267
gundata/M16/5 (99).wav,4874
gundata/M16/5 (34).wav,101,12433
gundata/M16/5 (39).wav,75,15219,22572
gundata/M16/5 (79).wav,7867,25513,27783
gundata/M16/5 (94).wav,5442,11582,25435
gundata/M16/5 (13).wav,2810,14265,6422
gundata/M16/5 (88).wav,9543,16199
gundata/M16/5 (43).wav,2655,18392
gundata/M16/5 (64).wav,1417,9956,20792,22804
gundata/M16/5 (96).wav,8744,24816
gundata/M16/5 (68).wav,4822,17541
gundata/M16/5 (51).wav,6061
gundata/M16/5 (3).wav,282,3016,16948
gundata/M16/5 (28).wav,798,5467,16380,20895,25796
gundata/M16/5 (59).wav,6809,10137
gundata/M16/5 (70).wav,101
gundata/M16/5 (19).wav,4745,11117,25590
gundata/M16/5 (30).wav,15425,27190
gundata/M16/5 (6).wav,3249,12226
gundata/M16/5 (75).wav,6499,8666,12768,16896,23552
gundata/M16/5 (100).wav,101,10575
gundata/M249/6 (35).wav,1236,5055,10833,15941,22675
gundata/M249/6 (97).wav,2758,12123,17231,21849
gundata/M249/6 (9).wav,1159,5209,9337,13826,19373
gundata/M249/6 (46).wav,4203,16948,22262,26725
gundata/M249/6 (82).wav,3997,20663,24765
gundata/M249/6 (4).wav,462,7351,10911,14368,16664,27602
gundata/M249/6 (63).wav,514,3378,7376,10911,15013
gundata/M249/6 (21).wav,153,2604,8589,11504,18186,22210
gundata/M249/6 (27).wav,179,3403
gundata/M249/6 (17).wav,256,2913,8976,10937,25874
gundata/M249/6 (41).wav,3016,7067,10421
gundata/M249/6 (12).wav,1675,6473,12459,17025,24120
gundata/M249/6 (52).wav,720,15838,20069,25409
gundata/M249/6 (86).wav,3042,6731,10550,15529,20637
gundata/M249/6 (29).wav,3765,7763,14394,19940,25126
gundata/M249/6 (96).wav,6009,10446,26828
gundata/M249/6 (8).wav,953,5106,20921,25487
gundata/M249/6 (1).wav,3507,6448,10085,13903,16767,20792,25126
gundata/M249/6 (77).wav,308,17593,21927
gundata/M249/6 (74).wav,179,10808,13955,17644,21204,26545
gundata/M249/6 (13).wav,1701,5648,10756,15425,20482,25126
gundata/M249/6 (23).wav,385,2733,6112,9647,27757
gundata/M249/6 (39).wav,308,2810,7428,24016,27448
gundata/M249/6 (99).wav,11401,13723,16793
gundata/M249/6 (44).wav,333,3816,23526,26158
gundata/M249/6 (16).wav,11091,13645
gundata/M249/6 (34).wav,359,12381,19760
gundata/M249/6 (55).wav,24,2088
gundata/M249/6 (42).wav,3532,12846,15838,20121,25642
gundata/M249/6 (37).wav,4384,8744,14677,18392,22881,27035
gundata/M249/6 (14).wav,798,3610,7351,11246,15658,20714,26828
gundata/M249/6 (98).wav,9002,12742
gundata/M249/6 (78).wav,953,4564,10911,19656
gundata/M249/6 (40).wav,75,2629,5957,10679,18341,24274
gundata/M249/6 (67).wav,1443,5648,12123,17515,23655
gundata/M249/6 (58).wav,6912,10214,14703,20198,24197
gundata/M249/6 (85).wav,282,10937,21308,24971
gundata/M249/6 (6).wav,385,3429,9621,13000,17025
gundata/M249/6 (32).wav,179,2758,7686
gundata/M249/6 (70).wav,8305,11375,16896,1288,26183
gundata/M249/6 (94).wav,359,4023,25255
gundata/M249/6 (15).wav,127,2836
gundata/M249/6 (75).wav,75,3429,5828,21746
gundata/M249/6 (28).wav,153,3919,8125,12330
gundata/M249/6 (83).wav,2578,14342,17670,26570
gundata/M249/6 (81).wav,5545,8408,11943,15606,19863
gundata/M249/6 (3).wav,540,21617,25435
gundata/M249/6 (38).wav,6396,15683,18908
gundata/M249/6 (90).wav,1494,4358,7144,10601,14703,18650,25642
gundata/M249/6 (54).wav,3300,6473,14187,11659,17206,20172,26158
gundata/M249/6 (88).wav,7325,21798,25280
gundata/M249/6 (92).wav,11685,14626,18134,21282
gundata/M249/6 (48).wav,11943,14961,20043,23191
gundata/M249/6 (51).wav,617,3558,22133
gundata/M249/6 (57).wav,1856,8950,13826,17618,22984
gundata/M249/6 (30).wav,179,3481,12355,19966,22907
gundata/M249/6 (47).wav,127,9053,11685,22830,26751
gundata/M249/6 (11).wav,4745,9182,14290,18779,23371
gundata/M249/6 (18).wav,385,2217,6783,11220,14600,19398
gundata/M249/6 (80).wav,101,20147,22236
gundata/M249/6 (19).wav,8176,9956,21901
gundata/M249/6 (45).wav,75,3352,8512,14058
gundata/M249/6 (73).wav,3765,7093,9956,13878,19760,26854
gundata/M249/6 (36).wav,8357,9647,15374,18470
gundata/M249/6 (71).wav,5184,7660,11607,16045,18986,25048
gundata/M249/6 (84).wav,333,4590,8202,11840,23268,26699
gundata/M249/6 (93).wav,11633,24532
gundata/M249/6 (50).wav,333,8976,14084
gundata/M249/6 (66).wav,230,2346,6190,10085,14213,25538
gundata/M249/6 (59).wav,1701,2913,9672,11994,21411,25771
gundata/M249/6 (64).wav,2604,4306,11969,13491,23887,26699
gundata/M249/6 (60).wav,1004,3171,6009,7944,11014,12768,15168,17851,20585,24274,27267
gundata/M249/6 (91).wav,282,1856,5906
gundata/M249/6 (61).wav,411,3429,9956,11917,16019,19398,23758
gundata/M249/6 (62).wav,669,4281,7763,10653,14368,19760,24300,27293
gundata/M249/6 (76).wav,308,1752,13800,19734,22468,26932
gundata/M249/6 (33).wav,5313,8254,18831,22649,26854
gundata/M249/6 (31).wav,256,2991,7351,20069,23320,26235
gundata/M249/6 (20).wav,6809,10059,13181,17335,21437,27448
gundata/M249/6 (25).wav,5055,7867,11633,14213,19140
gundata/M249/6 (69).wav,8357,12020,17360
gundata/M249/6 (65).wav,359,3249,7273,10214,18160,20482,24765
gundata/M249/6 (53).wav,7299,14781,17257
gundata/M249/6 (2).wav,6061,8047,23165,25822
gundata/M249/6 (5).wav,101,4023,7505
gundata/M249/6 (49).wav,4564,6035,17670,21256,23552
gundata/M249/6 (10).wav,6860,18986,23165
gundata/M249/6 (7).wav,5106,12278,24120
gundata/M249/6 (22).wav,2320,5983,10163,14832,18495,22056,26132
gundata/M249/6 (26).wav,24,5777,11246,21024,26209
gundata/M249/6 (89).wav,179,3300,5854,19760
gundata/M249/6 (56).wav,566,2088,14110,16096,18882,22030,25384
gundata/M249/6 (72).wav,8873,16741,20095
gundata/M249/6 (87).wav,1185,19940,23088,26080
gundata/M249/6 (43).wav,17335,27912,27989,27370
gundata/M249/6 (68).wav,9801,13026,25771
gundata/M249/6 (95).wav,1056,9569,22778,26364
gundata/M249/6 (79).wav,3997,10859,24532
gundata/M249/6 (24).wav,127,1727,10240,13000,17954,21540
gundata/M4/4 (7).wav,10369,20405,24042
gundata/M4/4 (92).wav,5519,11324,17309,20998,25513,75
gundata/M4/4 (77).wav,6112,15787,16354,6267,15142
gundata/M4/4 (9).wav,2346,7299,12742,19579
gundata/M4/4 (5).wav,308,22056
gundata/M4/4 (26).wav,256,2836,16277,19244,23139,26674
gundata/M4/4 (72).wav,256,1856,3765
gundata/M4/4 (64).wav,1391,9956,20534,22365
gundata/M4/4 (58).wav,4435,5983,17851,20172,22597
gundata/M4/4 (80).wav,695,3997
gundata/M4/4 (51).wav,5184
gundata/M4/4 (98).wav,1391,5390,11091,22133
gundata/M4/4 (28).wav,1133,3997,6809,16199,19605,22701,26235
gundata/M4/4 (19).wav,4693,11091,25513
gundata/M4/4 (44).wav,11246,27344,17206
gundata/M4/4 (38).wav,1520,17283,24532
gundata/M4/4 (88).wav,9647,16096
gundata/M4/4 (89).wav,11556
gundata/M4/4 (94).wav,5596,9105,12330,25693
gundata/M4/4 (84).wav,75,6809,24094
gundata/M4/4 (59).wav,6989,9285
gundata/M4/4 (85).wav,6035
gundata/M4/4 (55).wav,101,11711
gundata/M4/4 (71).wav,8692,20688,27602
gundata/M4/4 (46).wav,2707
gundata/M4/4 (14).wav,179,3739,7867,18753,26699
gundata/M4/4 (13).wav,2939,5803,13981,16328
gundata/M4/4 (37).wav,1211,5880
gundata/M4/4 (57).wav,1365,12381,20482
gundata/M4/4 (45).wav,101,23397,26467
gundata/M4/4 (68).wav,4874,17464
gundata/M4/4 (96).wav,8821,24765
gundata/M4/4 (82).wav,101,12536,16432,19218,23371
gundata/M4/4 (99).wav,5158
gundata/M4/4 (67).wav,12871,19424
gundata/M4/4 (66).wav,6835,14755,27422
gundata/M4/4 (32).wav,9389,11994
gundata/M4/4 (29).wav,230,2836,13078,14987
gundata/M4/4 (48).wav,256,20998,25306
gundata/M4/4 (62).wav,153,6499,13878,25796
gundata/M4/4 (17).wav,3300
gundata/M4/4 (56).wav,333,4461,16561
gundata/M4/4 (16).wav,1856,17128,21901
gundata/M4/4 (60).wav,12871,22107
gundata/M4/4 (47).wav,308,5983,9311,12149,16819,23088
gundata/M4/4 (50).wav,3816,6628
gundata/M4/4 (24).wav,4332,11969,26957
gundata/M4/4 (8).wav,179,4358,21823
gundata/M4/4 (33).wav,540,2423
gundata/M4/4 (83).wav,24,3120,7325,15787
gundata/M4/4 (35).wav,75,17077,26699
gundata/M4/4 (86).wav,8202
gundata/M4/4 (75).wav,5751,8641,12381,16535,23010
gundata/M4/4 (40).wav,14110,21204
gundata/M4/4 (10).wav,2939,21694,26235
gundata/M4/4 (95).wav,75,16406,25229
gundata/M4/4 (2).wav,4048,13155
gundata/M4/4 (63).wav,7918,25925
gundata/M4/4 (12).wav,75,13645,17670,20559,25513
gundata/M4/4 (22).wav,75,4100,12097,23887
gundata/M4/4 (42).wav,6731,13826,23526
gundata/M4/4 (87).wav,6964,25977
gundata/M4/4 (91).wav,1520,16483,21720
gundata/M4/4 (74).wav,127,7402,18986
gundata/M4/4 (30).wav,15039,17438,27112
gundata/M4/4 (73).wav,9905,11246,26570
gundata/M4/4 (36).wav,127,10833
gundata/M4/4 (25).wav,127,4306,15142,20972
gundata/M4/4 (6).wav,3326,5416,12046,15322
gundata/M4/4 (15).wav,9208,22056,25332
gundata/M4/4 (81).wav,4152,25306
gundata/M4/4 (70).wav,256
gundata/M4/4 (3).wav,179,2629,16896
gundata/M4/4 (4).wav,153
gundata/M4/4 (41).wav,6448,13697,24197
gundata/M4/4 (18).wav,6396,18186,22185
gundata/M4/4 (76).wav,540,2526,5235,8615,12871,18212
gundata/M4/4 (54).wav,50,2010,23526,26545
gundata/M4/4 (34).wav,153,12588
gundata/M4/4 (93).wav,1236,7660,14755,18263,23346,26003
gundata/M4/4 (31).wav,204,2062,16922,22443,24997
gundata/M4/4 (69).wav,2758,11091,12665,24610
gundata/M4/4 (49).wav,4693,9105,26854
gundata/M4/4 (100).wav,127,10550
gundata/M4/4 (11).wav,8486,16948
gundata/M4/4 (79).wav,7944,25538
gundata/M4/4 (43).wav,2578,18315
gundata/M4/4 (20).wav,11917,17541
gundata/M4/4 (52).wav,437,26880
gundata/M4/4 (1).wav,75,19863,22752
gundata/M4/4 (53).wav,333,5854
gundata/M4/4 (27).wav,204,4797,17231,23294
gundata/M4/4 (65).wav,4668,8666,24919
gundata/M4/4 (21).wav,1030,4126,21566,25771
gundata/M4/4 (78).wav,14910,22443,24893
gundata/M4/4 (39).wav,75,15271,22675
gundata/M4/4 (97).wav,1933,7841,16586
gundata/M4/4 (90).wav,75,4410,11349,19889
gundata/M4/4 (61).wav,18676,25461
gundata/M4/4 (23).wav,75,11195,13284
gundata/MG-42/7 (35).wav,1082,5132,9053,11788,14729,18882,22056,26235
gundata/MG-42/7 (72).wav,669,4281,7118,10498,14729,17515
gundata/MG-42/7 (83).wav,127,3300,20198,22468
gundata/MG-42/7 (19).wav,127,2887,10498,24971,26596
gundata/MG-42/7 (39).wav,13516,16457,19424,23836,27628
gundata/MG-42/7 (53).wav,2604,7660,27551
gundata/MG-42/7 (99).wav,8486
gundata/MG-42/7 (91).wav,7402,16432,20147
gundata/MG-42/7 (66).wav,3016,12484,17128,23500
gundata/MG-42/7 (54).wav,12149,16844,21179
gundata/MG-42/7 (63).wav,4693,7351,22804
gundata/MG-42/7 (65).wav,1649,7118,13155,18986
gundata/MG-42/7 (4).wav,4358,9389,15168,19166,24042
gundata/MG-42/7 (47).wav,1804,4771,11556,14497
gundata/MG-42/7 (100).wav,4461,7247,11865,16819
gundata/MG-42/7 (69).wav,4822,8589,13258,18934,22959
gundata/MG-42/7 (37).wav,6061,9234,12433,17567,24120
gundata/MG-42/7 (44).wav,462
gundata/MG-42/7 (17).wav,540
gundata/MG-42/7 (32).wav,1520,6551,25048
gundata/MG-42/7 (13).wav,13878,16277,18857,23887
gundata/MG-42/7 (8).wav,488,3042,6757
gundata/MG-42/7 (11).wav,282,14136,21075
gundata/MG-42/7 (9).wav,11582,14548,18315,21720,25435
gundata/MG-42/7 (6).wav,3300,17902,25358
gundata/MG-42/7 (87).wav,1985,6835,12742,15916,25022
gundata/MG-42/7 (98).wav,1572,9595,21204
gundata/MG-42/7 (94).wav,2733,8666,16380,23268,21694
gundata/MG-42/7 (82).wav,2810,6370,15142,20405,24868
gundata/MG-42/7 (55).wav,6241,11427,21746,18444,25306
gundata/MG-42/7 (59).wav,2578,5983,14755,24068
gundata/MG-42/7 (77).wav,1572,15658
gundata/MG-42/7 (88).wav,6577,12433,16019
gundata/MG-42/7 (67).wav,514
gundata/MG-42/7 (3).wav,3687,12226,16328
gundata/MG-42/7 (81).wav,7686,10550,12897,18599
gundata/MG-42/7 (73).wav,4332,8331,13336,17928
gundata/MG-42/7 (18).wav,3403,5880,12768,18934,24558
gundata/MG-42/7 (58).wav,462,15348,19450,26029
gundata/MG-42/7 (93).wav,875,4513,8125,18650
gundata/MG-42/7 (71).wav,3790,9002,14445,20817,25745
gundata/MG-42/7 (1).wav,2475,8202,13955
gundata/MG-42/7 (14).wav,2346,10008,15941,19914
gundata/MG-42/7 (89).wav,11324,22314,25874
gundata/MG-42/7 (7).wav,2036,7376,14987,20663,24971
gundata/MG-42/7 (21).wav,7170,10730,13362
gundata/MG-42/7 (79).wav,4306,8331,13155,17180,22778
gundata/MG-42/7 (5).wav,1288,12742,18495,25280
gundata/MG-42/7 (57).wav,2939,8047,15064,20430,25874
gundata/MG-42/7 (95).wav,746,4358
gundata/MG-42/7 (10).wav,1546,5596,8692
gundata/MG-42/7 (40).wav,1314,5699,11814,15271
gundata/MG-42/7 (23).wav,5699,9672,13078,19631
gundata/MG-42/7 (52).wav,1391,5519,20482
gundata/MG-42/7 (12).wav,4951,7376,13284,18831,26132
gundata/MG-42/7 (34).wav,4023,27628
gundata/MG-42/7 (33).wav,4126,8357,16328
gundata/MG-42/7 (22).wav,10240,14007,18599
gundata/MG-42/7 (92).wav,3378,6783,13620,18005
gundata/MG-42/7 (68).wav,1623,5442,16741,24868
gundata/MG-42/7 (78).wav,2578,8150,23991
gundata/MG-42/7 (31).wav,6241,22081,27319
gundata/MG-42/7 (49).wav,8047,24919
gundata/MG-42/7 (42).wav,9079,14523,23423
gundata/MG-42/7 (51).wav,3894,14652,20482
gundata/MG-42/7 (43).wav,8279
gundata/MG-42/7 (16).wav,12252,16896,23991
gundata/MG-42/7 (80).wav,1701
gundata/MG-42/7 (26).wav,6654,9182,27396
gundata/MG-42/7 (20).wav,1520,5751,10756,18908,25306
gundata/MG-42/7 (24).wav,5777,13413,27499
gundata/MG-42/7 (27).wav,2913,5803,10034,15941,21952
gundata/MG-42/7 (75).wav,13774,18005,24352
gundata/MG-42/7 (61).wav,1107,4332,16561,19940
gundata/MG-42/7 (85).wav,2449,6061,13568,20405,26261
gundata/MG-42/7 (97).wav,2010,6912,14316
gundata/MG-42/7 (90).wav,2346,6215,13620,19269,25513
gundata/MG-42/7 (46).wav,2268,6293,13645,17128
gundata/MG-42/7 (60).wav,204,16638,22004,27499
gundata/MG-42/7 (45).wav,14884,19889
gundata/MG-42/7 (36).wav,1211,7144,22391
gundata/MG-42/7 (64).wav,3068,9827,16277
gundata/MG-42/7 (2).wav,1856,6215,10756,18083
gundata/MG-42/7 (50).wav,3429,8150,13568
gundata/MG-42/7 (86).wav,9363,15219,20172,24971
gundata/MG-42/7 (70).wav,1804,6086,11762,18650,23629
gundata/MG-42/7 (28).wav,10601,25538
gundata/MG-42/7 (41).wav,566,15683,20869
gundata/MG-42/7 (96).wav,10266,14961
gundata/MG-42/7 (29).wav,12226,17489
gundata/MG-42/7 (76).wav,2965,9053,14497,18418
gundata/MG-42/7 (25).wav,1443,6628,13336
gundata/MG-42/7 (38).wav,1082,16922,24636
gundata/MG-42/7 (56).wav,1675,6396,10059,16148,27938,27989,27602
gundata/MG-42/7 (15).wav,3919,7196,13284,17747,22468
gundata/MG-42/7 (84).wav,1340,5209,9698,24558
gundata/MG-42/7 (48).wav,1185,7067,13800
gundata/MG-42/7 (74).wav,6783,10059,22597,17928
gundata/MG-42/7 (62).wav,1185,4977
gundata/MP5/8 (87).wav,101,6009,8125
gundata/MP5/8 (66).wav,3971,9956,12459,16251
gundata/MP5/8 (1).wav,643,2036
gundata/MP5/8 (13).wav,50
gundata/MP5/8 (61).wav,24,3636,8950,19218,25306
gundata/MP5/8 (93).wav,5545,20276,22185
gundata/MP5/8 (46).wav,204,2913
gundata/MP5/8 (27).wav,12046,15735,23062,26519,101
gundata/MP5/8 (35).wav,204,2836,21669
gundata/MP5/8 (74).wav,2062,23758,26441
gundata/MP5/8 (41).wav,901,10859,14652,27757
gundata/MP5/8 (82).wav,824,6809,9647,23088
gundata/MP5/8 (38).wav,7505,12897,17180
gundata/MP5/8 (24).wav,282,16896,19889,24610
gundata/MP5/8 (65).wav,282,9079,12304,24919,27602
gundata/MP5/8 (50).wav,9079,13362,18573
gundata/MP5/8 (89).wav,179,10704,26983
gundata/MP5/8 (90).wav,4048,12691,15348
gundata/MP5/8 (72).wav,6551,10266,14342
gundata/MP5/8 (19).wav,75
gundata/MP5/8 (47).wav,10498,16948
gundata/MP5/8 (77).wav,5106,16174,22056
gundata/MP5/8 (64).wav,9389,13310
gundata/MP5/8 (5).wav,3326,23991
gundata/MP5/8 (30).wav,179,14239,17541,22881
gundata/MP5/8 (56).wav,901,11272,25977
gundata/MP5/8 (12).wav,10988,17025,15967
gundata/MP5/8 (11).wav,7170,18728,22236
gundata/MP5/8 (70).wav,4410,15477
gundata/MP5/8 (4).wav,8460,14110,17489,23139,27009
gundata/MP5/8 (14).wav,3636,11375,23552,27602
gundata/MP5/8 (60).wav,4281,8331,14239
gundata/MP5/8 (53).wav,256,3971,14497,20559
gundata/MP5/8 (54).wav,566,3352,7093,11117,15941
gundata/MP5/8 (63).wav,179
gundata/MP5/8 (25).wav,50,11014,19192
gundata/MP5/8 (16).wav,4951,7144,10575
gundata/MP5/8 (75).wav,101,5622,14213,16251
gundata/MP5/8 (100).wav,179,2320,21385,27964,27422
gundata/MP5/8 (86).wav,4771,8563
gundata/MP5/8 (84).wav,12097,19760
gundata/MP5/8 (88).wav,204,2604,6938,10833
gundata/MP5/8 (42).wav,204,1985,10034,12330,15116,23294
gundata/MP5/8 (22).wav,4822,17386,19708
gundata/MP5/8 (85).wav,10911,18753,22881
gundata/MP5/8 (29).wav,1727,4745,25358
gundata/MP5/8 (73).wav,101,16870,23268
gundata/MP5/8 (95).wav,11298,13439
gundata/MP5/8 (79).wav,127,2862,5184,9801,17128,25022
gundata/MP5/8 (78).wav,7712,17644,19605
gundata/MP5/8 (43).wav,3790,5545,9337,13129
gundata/MP5/8 (71).wav,4023,6706,9801,12820,23681
gundata/MP5/8 (23).wav,282,1985
gundata/MP5/8 (76).wav,127,7918,11607,16328,26854
gundata/MP5/8 (98).wav,179,1804,16277,22520
gundata/MP5/8 (17).wav,5261,14703
gundata/MP5/8 (92).wav,3739,13387,26596
gundata/MP5/8 (52).wav,11014,18960,22881
gundata/MP5/8 (32).wav,1856
gundata/MP5/8 (91).wav,5648,16096,20121
gundata/MP5/8 (15).wav,4384,9518,13697
gundata/MP5/8 (97).wav,153,6499,11917,18470
gundata/MP5/8 (49).wav,643,3971,7531,13104
gundata/MP5/8 (45).wav,3145,9389,26622
gundata/MP5/8 (18).wav,12381,16690
gundata/MP5/8 (51).wav,746,5338,9595,13104,19527
gundata/MP5/8 (20).wav,7299,17102,27886
gundata/MP5/8 (3).wav,204,14626,17747
gundata/MP5/8 (33).wav,9879,12588,16251,20688,24790
gundata/MP5/8 (99).wav,1469,11298,14419,18315
gundata/MP5/8 (39).wav,8176,14600,18057
gundata/MP5/8 (81).wav,8615,13155,19166,22855
gundata/MP5/8 (96).wav,50,11040
gundata/MP5/8 (48).wav,101,5519,13181,22701
gundata/MP5/8 (28).wav,204,2423,8460
gundata/MP5/8 (80).wav,2397,15296,19553,25280
gundata/MP5/8 (57).wav,153,2346,7118,13078
gundata/MP5/8 (37).wav,10317,12536,16148,18986,23629
gundata/MP5/8 (94).wav,7118,13568,24971
gundata/MP5/8 (36).wav,5674,8950,23294
gundata/MP5/8 (10).wav,13465,21978
gundata/MP5/8 (68).wav,127,14600,18444
gundata/MP5/8 (58).wav,2887,15271,19785
gundata/MP5/8 (59).wav,179,13645,15993
gundata/MP5/8 (31).wav,1727,11427,15425,26287
gundata/MP5/8 (83).wav,6396,22236
gundata/MP5/8 (34).wav,256,2784
gundata/MP5/8 (21).wav,411,3894,8666,12897,18650,27473
gundata/MP5/8 (8).wav,308,2681,8073
gundata/MP5/8 (40).wav,462,2294
gundata/MP5/8 (7).wav,75,17335,25977
gundata/MP5/8 (69).wav,3919
gundata/MP5/8 (9).wav,4410,18444
gundata/MP5/8 (6).wav,17722,27035
gundata/MP5/8 (44).wav,3016,6009,25642
gundata/MP5/8 (62).wav,2500,7454,26338
gundata/MP5/8 (26).wav,4152,8847,15322,27138
gundata/MP5/8 (55).wav,7144,20946,23939
gundata/MP5/8 (2).wav,20843
gundata/MP5/8 (67).wav,411,4693,27525
gundata/Zastava M92/9 (20).wav,166,2953,6835,11195
gundata/Zastava M92/9 (74).wav,631,4359,6500
gundata/Zastava M92/9 (70).wav,257,2204,4062,7235,11504
gundata/Zastava M92/9 (32).wav,605,2514,4384,7583,10421
gundata/Zastava M92/9 (1).wav,979,3094,6796,10060
gundata/Zastava M92/9 (60).wav,541,2604,5494,10253
gundata/Zastava M92/9 (37).wav,657,4410,7738,11517
gundata/Zastava M92/9 (42).wav,915,3894,9092
gundata/Zastava M92/9 (35).wav,940,4720,10099
gundata/Zastava M92/9 (12).wav,476,3056,7867
gundata/Zastava M92/9 (51).wav,644,3843,7299,11943,10821
gundata/Zastava M92/9 (36).wav,399,3365,5816,10240
gundata/Zastava M92/9 (16).wav,308,3507,7454,10718
gundata/Zastava M92/9 (53).wav,1314,5648,10343,15296,23423,21669
gundata/Zastava M92/9 (25).wav,89,3520,9402
gundata/Zastava M92/9 (56).wav,166,4178,7803,11504
gundata/Zastava M92/9 (7).wav,166,2192,5120,8486,13285,12072,12549,12704,12395,10228
gundata/Zastava M92/9 (31).wav,334,4126,7609,10989
gundata/Zastava M92/9 (76).wav,6835,11478,16561,23862
gundata/Zastava M92/9 (59).wav,1095,4178,11530
gundata/Zastava M92/9 (82).wav,7093,13620,19218,25564
gundata/Zastava M92/9 (44).wav,502,7325,11040
gundata/Zastava M92/9 (58).wav,618,2656,8963
gundata/Zastava M92/9 (33).wav,786,5532,9776
gundata/Zastava M92/9 (26).wav,1521,6345,10872
gundata/Zastava M92/9 (40).wav,618,3533,9209
gundata/Zastava M92/9 (61).wav,824,7893,6474,11066
gundata/Zastava M92/9 (21).wav,1095,4965,10924
gundata/Zastava M92/9 (54).wav,1818,5210,10073
gundata/Zastava M92/9 (9).wav,798,4939,10382
gundata/Zastava M92/9 (75).wav,760,10937
gundata/Zastava M92/9 (73).wav,579,7751,5945,10885
gundata/Zastava M92/9 (30).wav,915,2669,9105,7944
gundata/Zastava M92/9 (65).wav,50
gundata/Zastava M92/9 (43).wav,876,4178,7583,11014
gundata/Zastava M92/9 (46).wav,644,5455,7932
gundata/Zastava M92/9 (28).wav,373,2901,6938,9802
gundata/Zastava M92/9 (8).wav,811,3236,6732,10602
gundata/Zastava M92/9 (4).wav,386,4217,8409
gundata/Zastava M92/9 (34).wav,1044,10292,7222
gundata/Zastava M92/9 (41).wav,450,5210,9957
gundata/Zastava M92/9 (62).wav,50
gundata/Zastava M92/9 (68).wav,786,4113,9466
gundata/Zastava M92/9 (71).wav,76
gundata/Zastava M92/9 (29).wav,1727,5016,9363
gundata/Zastava M92/9 (38).wav,811,5120,9505
gundata/Zastava M92/9 (17).wav,682,6332,10305
gundata/Zastava M92/9 (79).wav,9053,19553,24455
gundata/Zastava M92/9 (24).wav,940,4062,9183
gundata/Zastava M92/9 (13).wav,1921,3649,10653
gundata/Zastava M92/9 (22).wav,889,4784,9763
gundata/Zastava M92/9 (78).wav,7892,11891,19760,24507
gundata/Zastava M92/9 (50).wav,2295,6951,9105
gundata/Zastava M92/9 (81).wav,1856,11272,8150,24197
gundata/Zastava M92/9 (57).wav,154,9853,11388
gundata/Zastava M92/9 (72).wav,308
gundata/Zastava M92/9 (52).wav,953,9337,16019,23036
gundata/Zastava M92/9 (5).wav,605,2862,6938,11608
gundata/Zastava M92/9 (39).wav,915,3675,7545,11814
gundata/Zastava M92/9 (15).wav,3133,6139,10434
gundata/Zastava M92/9 (10).wav,1959,5081,9944
gundata/Zastava M92/9 (48).wav,1921,6796,9866
gundata/Zastava M92/9 (6).wav,824,4900,9144
gundata/Zastava M92/9 (27).wav,953,3856,8667
gundata/Zastava M92/9 (64).wav,824,4423,9518
gundata/Zastava M92/9 (47).wav,1082,4681,11053
gundata/Zastava M92/9 (18).wav,1289,4952,10240
gundata/Zastava M92/9 (23).wav,347,3727,8641
gundata/Zastava M92/9 (77).wav,643,5209,11014,14935,23836,25564
gundata/Zastava M92/9 (63).wav,24223,27164
gundata/Zastava M92/9 (80).wav,2346,10421,15529
gundata/Zastava M92/9 (11).wav,386,5365,9815
gundata/Zastava M92/9 (69).wav,1302,4913,8783
gundata/Zastava M92/9 (3).wav,2682,5855,10228
gundata/Zastava M92/9 (2).wav,1856,7209
gundata/Zastava M92/9 (49).wav,1237,4707,9260
gundata/Zastava M92/9 (45).wav,915,6293
gundata/Zastava M92/9 (14).wav,1224,5261,9273
gundata/Zastava M92/9 (55).wav,1134,5481,10421
gundata/Zastava M92/9 (19).wav,1185,7325,6358,11130
gundata/Zastava M92/9 (66).wav,786,4113,10047
gundata/Zastava M92/9 (67).wav,618,3481,8099,11711
